Contextual Vectors,Contextual Hierarchy,Contextual Structure,Contextual Connection,Queries 1,Volume,Queries .2,Volume,Queries.3,Volume
Comprehensive Home Removal Services in Bristol by Mo Transport,H1,"Summarize the entire document's contextual vectors in heading order using a representative paragraph. Cover all aspects of home removal services offered by Mo Transport in Bristol, including types of services, choosing the right company, cost factors, tips for success, innovative solutions, customer testimonials, and local expertise.",,home removals,600,,,,
Understanding Home Removal Services,H2,"Define home removal services with context-rich details, including what they entail and their importance for moving households.",,home removal companies,70,,,,
What is Home Removal?,H3,"Provide a clear definition of home removal, including the processes involved and its role in facilitating relocations.",,house removal companies,450,,,,
Types of Home Removal Services Offered,H3,"List and briefly describe the different types of home removal services offered by Mo Transport, such as packing, transportation, and unpacking.",Explore Different Types of Home Removal Services → Types of Home Removal Services,household removals,100,,,,
Choosing the Right Home Removal Company,H2,"Explain how to choose the right home removal company, focusing on critical evaluation criteria.",,house removal company,100,,,,
Key Factors to Consider,H3,"List key factors to consider when choosing a home removal company, providing a brief explanation for each.",Learn How to Choose the Right Home Removal Company → Choosing a Home Removal Company,domestic removals,150,,,,
Why Choose Mo Transport?,H3,"Explain the advantages of choosing Mo Transport for home removal services, supported by evidence and testimonials.",,home moving services,200,,,,
Cost Factors in Home Removals,H2,"Define the cost factors involved in home removals, including pricing transparency and comparisons.",,house moving service,350,,,,
Understanding Pricing Transparency,H3,Explain the importance of pricing transparency in home removal services and how it affects customer trust.,Understand the Cost Factors in Home Removals → Cost Factors in Home Removals,residential moving,150,,,,
Comparing Costs Among Companies,H3,"Compare the costs of home removal services among different companies, highlighting Mo Transport's competitive pricing.",Compare Home Removal Companies → Comparison of Home Removal Companies,house removal companies,450,,,,
Tips for a Successful Home Removal,H2,"Provide a list of practical tips for ensuring a successful home removal, covering preparation, planning, and execution.",,home removals,600,,,,
Preparation and Planning,H3,"List essential steps for preparing and planning a home removal, with a brief explanation for each step.",,domestic removals,150,,,,
On the Day of the Move,H3,Provide a checklist of actions to take on the day of the move to ensure everything goes smoothly.,,household removals,100,,,,
Innovative Home Removal Solutions,H2,"Define innovative solutions in home removal services, including eco-friendly practices and technological advancements.",,home moving services,200,,,,
Eco-Friendly Practices,H3,"List eco-friendly practices in home removal services, explaining their benefits and implementation.",Discover the Environmental Impact of Home Removals → Environmental Impact of Home Removals,house removal companies,450,,,,
Technological Advancements in Moving,H3,"List technological advancements in the moving industry, detailing how they improve efficiency and customer experience.",Explore Innovative Home Removal Solutions → Innovative Home Removal Solutions,house removal company,100,,,,
Customer Testimonials for Mo Transport,H2,"Present a collection of customer testimonials for Mo Transport, highlighting customer satisfaction and service quality.",,home removals,600,,,,
Local Expertise and Challenges in Bristol,H2,Define the local expertise required for home removals in Bristol and the unique challenges faced in the area.,,house moving service,350,,,,
Navigating Bristol's Unique Moving Challenges,H3,List the unique moving challenges in Bristol and provide strategies for overcoming them.,,home removal companies,70,,,,
Contact Information for Mo Transport,H2,"Provide detailed contact information for Mo Transport, including phone numbers, email addresses, and physical locations.",,house removal company,100,,,,